|Fall 2018.xlsx| fe2aec334d93b117aaea03d352654b98c01cfb5bdev
|Fall 2019.xlsx| 20cdcbeb9a23e7cf1ad512405b523f51170e5be1dev
|Fall 2020 2.xlsx| 908b4274b5638684e52ef1d32de2e0c9384615f9dev
|Fall 2020.xlsx| 87aed1d95c9b0a20c411f4c2c929a3225c47e7cfdev
|Spring 2019.xlsx| b2707c3ed9ff05d6c62d08557a1fee07fe1bcaccdev
|Spring 2020.xlsx| 9055730f1eb7530e901b0b6f81fe437a6a2c6351dev
|Spring 2021 2.xlsx| 3576d6e927e21c8881a90e393e55404e03dd1363dev
|Spring 2021 3.xlsx| 31e4a19a1b5cb6597d723ee392a0ca6a09ca8121dev
|Spring 2021 4.xlsx| 185bc2b81d2bbb8d61fc2527231fa59d603c75ffdev
|Spring 2021.xlsx| 4c26e89fc62ad10854cedccf55c5200970bd2271dev
|Summer 2018.xlsx| 0bf8d5eacb11255dec4bcdcfba7a0b10582a6f50dev
|Summer 2019.xlsx| 673b879849816034a97622eb661a29bc2d33b995dev
